Accuracy,Precision,Recall,loss
0.17792031168937683,0.16011857986450195,0.17792031168937683,2.0560240745544434
0.24394966661930084,0.21366022527217865,0.24394966661930084,1.9574637413024902
